Model,Best Params,CV Accuracy,CV Precision,CV Recall,CV F1,Test Accuracy,Test Precision,Test Recall,Test F1,Test MAE,Test RMSE,Test R2
Random Forest,"{'model__class_weight': None, 'model__max_depth': 10, 'model__min_samples_split': 2, 'model__n_estimators': 200}",0.9396111333628461,0.8848729474161241,0.670962370962371,0.7627385509031209,0.9280359820089955,0.8356164383561644,0.6288659793814433,0.7176470588235294,0.1310731006794565,0.2526171502481031,0.4865114770368095
Decision Tree,"{'model__class_weight': None, 'model__max_depth': 5, 'model__min_samples_split': 5}",0.9238526888293949,0.8083308396672452,0.6268398268398269,0.7042926058753398,0.896551724137931,0.6794871794871795,0.5463917525773195,0.6057142857142858,0.13424719009781816,0.2856306871153912,0.34353011629464947
Logistic Regression,"{'model__C': 1, 'model__class_weight': 'balanced'}",0.7682013336987303,0.35895567983150745,0.7591741591741592,0.487106051643336,0.760119940029985,0.34782608695652173,0.7422680412371134,0.47368421052631576,0.3526117690846623,0.423396152426149,-0.4424437692749865
